Pesos,Bias
1.0491243600845337,0.463156521320343
1.2475099563598633,0.6621742248535156
1.442685604095459,0.8593534231185913
1.6325311660766602,1.0536627769470215
1.8143073320388794,1.243889331817627
1.9846339225769043,1.428654670715332
2.139622688293457,1.6064674854278564
2.2752437591552734,1.7758216857910156
2.3879127502441406,1.9353375434875488
2.4751338958740234,2.0839240550994873
2.53593111038208,2.2209255695343018
2.5708909034729004,2.3462157249450684
2.5818676948547363,2.460221290588379
2.571547031402588,2.5638835430145264
2.5430490970611572,2.6585776805877686
2.499654769897461,2.746014356613159
2.444652795791626,2.828136444091797
2.381270170211792,2.9070193767547607
2.3126444816589355,2.9847748279571533
2.241806745529175,3.0634560585021973
2.171651601791382,3.1449666023254395
2.104883909225464,3.2309751510620117
2.0439414978027344,3.322845220565796
1.9909014701843262,3.4215848445892334
1.947387933731079,3.5278258323669434
1.9145002365112305,3.641829490661621
1.892777681350708,3.7635178565979004
1.8822053670883179,3.8925204277038574
1.882258415222168,4.028228759765625
1.8919727802276611,4.169850826263428
1.9100300073623657,4.316463947296143
1.9348459243774414,4.467059135437012
1.9646577835083008,4.6205830574035645
1.9976083040237427,4.775974273681641
2.0318262577056885,4.9321980476379395
2.0655057430267334,5.088281154632568
2.096982955932617,5.24334192276001
2.124807119369507,5.396622657775879
2.1478021144866943,5.54751443862915
2.165113925933838,5.695578575134277
2.1762378215789795,5.840559005737305
2.1810245513916016,5.982386589050293
2.1796655654907227,6.121171951293945
2.1726603507995605,6.257189750671387
2.1607677936553955,6.390853404998779
2.1449484825134277,6.522683143615723
2.1263012886047363,6.6532697677612305
2.1059961318969727,6.7832350730896
2.0852081775665283,6.913193225860596
2.065054178237915,7.043715476989746
2.046534776687622,7.17529821395874
2.0304858684539795,7.3083391189575195
2.0175411701202393,7.443120956420898
2.008108139038086,7.579802513122559
2.002359390258789,7.718418598175049
2.000237464904785,7.858886241912842
2.001474618911743,8.001019477844238
2.005622625350952,8.144546508789062
2.0120928287506104,8.289131164550781
2.0202012062072754,8.434396743774414
2.0292162895202637,8.579949378967285
2.03840708732605,8.725404739379883
2.047088384628296,8.870405197143555
2.0546600818634033,9.014642715454102
2.0606396198272705,9.157869338989258
2.064683437347412,9.299911499023438
2.0666005611419678,9.440672874450684
2.0663528442382812,9.580134391784668
2.064047336578369,9.71834945678711
2.059918165206909,9.855435371398926
2.0543017387390137,9.991558074951172
2.047607183456421,10.12691879272461
2.040283441543579,10.261734962463379
2.0327858924865723,10.39622688293457
2.025545597076416,10.530598640441895
2.0189409255981445,10.66502571105957
2.0132758617401123,10.799646377563477
2.0087642669677734,10.934550285339355
2.0055220127105713,11.069780349731445
2.0035653114318848,11.205329895019531
2.0028183460235596,11.341147422790527
2.003124952316284,11.477143287658691
2.0042660236358643,11.613199234008789
2.0059804916381836,11.749177932739258
2.0079872608184814,11.884934425354004
2.010007381439209,12.020325660705566
2.011784553527832,12.155221939086914
2.0131022930145264,12.28951358795166
2.013796806335449,12.423118591308594
2.013765335083008,12.555983543395996
2.0129692554473877,12.68808650970459
2.0114314556121826,12.819436073303223
2.009230136871338,12.950067520141602
2.006488561630249,13.080037117004395
2.003361701965332,13.209415435791016
2.0000216960906982,13.33828067779541
1.9966429471969604,13.466712951660156
1.9933886528015137,13.5947847366333
1.9903985261917114,13.72255802154541
1.9877797365188599,13.850077629089355
1.9856007099151611,13.977371215820312
1.983889102935791,14.104445457458496
1.9826327562332153,14.231289863586426
1.9817838668823242,14.35787582397461
1.9812657833099365,14.484162330627441
1.980981707572937,14.610098838806152
1.9808242321014404,14.735630989074707
1.9806852340698242,14.860703468322754
1.9804646968841553,14.985265731811523
1.9800786972045898,15.109275817871094
1.9794647693634033,15.232701301574707
1.9785857200622559,15.355522155761719
1.9774307012557983,15.477731704711914
1.9760136604309082,15.599333763122559
1.9743704795837402,15.720342636108398
1.9725536108016968,15.840781211853027
1.970626711845398,15.960677146911621
1.9686576128005981,16.080059051513672
1.9667125940322876,16.198955535888672
1.9648504257202148,16.317392349243164
1.9631177186965942,16.435386657714844
1.9615461826324463,16.55295181274414
1.9601505994796753,16.67009162902832
1.958929419517517,16.78680419921875
1.9578659534454346,16.903078079223633
1.956931233406067,17.018898010253906
1.9560877084732056,17.134244918823242
1.9552932977676392,17.249095916748047
1.9545056819915771,17.36343002319336
1.9536861181259155,17.47722816467285
1.9528028964996338,17.590473175048828
1.9518334865570068,17.703153610229492
1.95076584815979,17.815263748168945
1.9495986700057983,17.926799774169922
1.948340654373169,18.037765502929688
1.947008728981018,18.148168563842773
1.9456260204315186,18.25801658630371
1.9442187547683716,18.367321014404297
1.9428136348724365,18.476093292236328
1.9414355754852295,18.58434295654297
1.9401049613952637,18.69207763671875
1.9388363361358643,18.799304962158203
1.9376376867294312,18.90602684020996
1.9365098476409912,19.01224136352539
1.935447335243225,19.11794662475586
1.9344393014907837,19.223134994506836
1.9334710836410522,19.327800750732422
1.9325259923934937,19.431934356689453
1.9315871000289917,19.5355281829834
1.9306389093399048,19.638572692871094
1.9296690225601196,19.741064071655273
1.9286686182022095,19.84299659729004
1.92763352394104,19.944368362426758
1.9265639781951904,20.045177459716797
1.925464153289795,20.145427703857422
1.9243415594100952,20.245121002197266
1.9232059717178345,20.344261169433594
1.9220682382583618,20.442853927612305
1.9209388494491577,20.540903091430664
1.9198272228240967,20.638412475585938
1.9187406301498413,20.73538589477539
1.917683720588684,20.831825256347656
1.9166582822799683,20.927730560302734
1.9156631231307983,21.023101806640625
1.9146947860717773,21.117937088012695
1.9137476682662964,21.212234497070312
1.9128153324127197,21.30599021911621
1.9118907451629639,21.399202346801758
1.910967469215393,21.491867065429688
1.910040020942688,21.583982467651367
1.9091044664382935,21.675546646118164
1.908158779144287,21.766559600830078
1.9072028398513794,21.85702133178711
1.9062381982803345,21.94693374633789
1.9052678346633911,22.036296844482422
1.904295802116394,22.12511444091797
1.903326392173767,22.213388442993164
1.9023640155792236,22.30112075805664
1.9014124870300293,22.388315200805664
1.9004746675491333,22.474971771240234
1.8995522260665894,22.561092376708984
1.8986457586288452,22.646678924560547
1.8977545499801636,22.731731414794922
1.8968769311904907,22.816247940063477
1.8960105180740356,22.900230407714844
1.8951525688171387,22.98367691040039
1.894300103187561,23.066587448120117
1.8934507369995117,23.148962020874023
1.8926022052764893,23.23080062866211
1.8917533159255981,23.312101364135742
1.8909035921096802,23.392868041992188
1.8900532722473145,23.473098754882812
1.8892031908035278,23.552797317504883
1.888355016708374,23.6319637298584
1.8875104188919067,23.710601806640625
1.8866711854934692,23.788711547851562
1.8858389854431152,23.866294860839844
1.8850152492523193,23.9433536529541
1.8842008113861084,24.01988983154297
1.8833961486816406,24.095905303955078
1.882601022720337,24.17140007019043
1.88181471824646,24.246376037597656
1.881036400794983,24.320833206176758
1.8802648782730103,24.394773483276367
1.8794989585876465,24.468196868896484
1.8787375688552856,24.54110336303711
1.8779797554016113,24.613494873046875
1.8772249221801758,24.68537139892578
1.8764728307724,24.75673484802246
1.8757236003875732,24.827587127685547
1.8749775886535645,24.897930145263672
1.8742353916168213,24.967763900756836
1.873497724533081,25.037092208862305
1.872765302658081,25.105915069580078
1.8720389604568481,25.17423439025879
1.871319055557251,25.242053985595703
1.8706060647964478,25.30937385559082
1.869900107383728,25.376195907592773
1.8692010641098022,25.442522048950195
1.8685085773468018,25.508352279663086
1.8678221702575684,25.57369041442871
1.8671414852142334,25.63853645324707
1.8664658069610596,25.702892303466797
1.8657947778701782,25.76675796508789
1.8651280403137207,25.830137252807617
1.864465355873108,25.893030166625977
1.8638066053390503,25.955440521240234
1.8631519079208374,26.01736831665039
1.8625015020370483,26.078815460205078
1.8618557453155518,26.13978385925293
1.8612147569656372,26.200275421142578
1.860579013824463,26.260292053222656
1.8599486351013184,26.31983757019043
1.8593238592147827,26.3789119720459
1.858704686164856,26.437517166137695
1.858091115951538,26.495656967163086
1.857483148574829,26.55333137512207
1.85688054561615,26.61054229736328
1.8562830686569214,26.66729164123535
1.8556904792785645,26.723581314086914
1.8551025390625,26.7794132232666
1.854519009590149,26.83479118347168
1.8539398908615112,26.88971519470215
1.8533650636672974,26.94418716430664
1.8527945280075073,26.99820899963379
1.8522282838821411,27.051782608032227
1.8516665697097778,27.10491180419922
1.8511093854904175,27.157596588134766
1.8505569696426392,27.209840774536133
1.8500094413757324,27.261646270751953
1.8494666814804077,27.313013076782227
1.8489289283752441,27.36394500732422
1.8483959436416626,27.414443969726562
1.8478678464889526,27.464513778686523
1.8473443984985352,27.5141544342041
1.8468255996704102,27.56336784362793
1.846311330795288,27.61215591430664
1.8458013534545898,27.6605224609375
1.8452956676483154,27.70846939086914
1.8447942733764648,27.755996704101562
1.8442970514297485,27.80310821533203
1.8438040018081665,27.84980583190918
1.8433151245117188,27.89609146118164
1.8428305387496948,27.94196891784668
1.8423501253128052,27.987438201904297
1.841874122619629,28.032503128051758
1.8414024114608765,28.077165603637695
1.8409349918365479,28.121427536010742
1.8404719829559326,28.16529083251953
1.8400132656097412,28.208757400512695
1.8395588397979736,28.2518310546875
1.8391085863113403,28.294513702392578
1.8386625051498413,28.33680534362793
1.838220477104187,28.37870979309082
1.837782382965088,28.420230865478516
1.8373483419418335,28.461368560791016
1.8369182348251343,28.502124786376953
1.8364920616149902,28.542503356933594
1.8360697031021118,28.58250617980957
1.8356512784957886,28.622135162353516
1.8352367877960205,28.661392211914062
1.8348262310028076,28.700281143188477
1.8344194889068604,28.73880386352539
1.8340166807174683,28.776960372924805
1.8336176872253418,28.814754486083984
1.833222508430481,28.852190017700195
1.8328312635421753,28.889266967773438
1.8324437141418457,28.925989151000977
1.8320599794387817,28.962358474731445
1.8316799402236938,28.998376846313477
1.831303596496582,29.034046173095703
1.8309308290481567,29.069368362426758
1.8305617570877075,29.104347229003906
1.8301961421966553,29.13898468017578
1.8298341035842896,29.173282623291016
1.8294756412506104,29.207242965698242
1.8291206359863281,29.240867614746094
1.8287692070007324,29.274160385131836
1.8284212350845337,29.30712127685547
1.8280768394470215,29.339754104614258
1.8277359008789062,29.37206268310547
1.8273983001708984,29.4040470123291
1.827064037322998,29.43570899963379
1.8267332315444946,29.467052459716797
1.8264057636260986,29.498079299926758
1.82608163356781,29.528791427612305
1.825760841369629,29.55919075012207
1.8254432678222656,29.58928108215332
1.8251289129257202,29.619062423706055
1.8248177766799927,29.64853858947754
1.824509859085083,29.677711486816406
1.8242051601409912,29.70658302307129
1.8239036798477173,29.73515510559082
1.8236052989959717,29.763431549072266
1.8233100175857544,29.791414260864258
1.8230177164077759,29.819103240966797
1.8227285146713257,29.84650230407715
1.8224422931671143,29.873613357543945
1.8221591711044312,29.900440216064453
1.8218790292739868,29.926982879638672
1.8216018676757812,29.953245162963867
1.8213276863098145,29.97922706604004
1.8210563659667969,30.004932403564453
1.8207879066467285,30.030363082885742
1.820522427558899,30.05552101135254
1.820259690284729,30.080408096313477
1.8199998140335083,30.10502815246582
1.8197427988052368,30.12938117980957
1.819488525390625,30.153470993041992
1.8192371129989624,30.17729949951172
1.8189884424209595,30.200868606567383
1.8187423944473267,30.224178314208984
1.8184990882873535,30.247234344482422
1.8182584047317505,30.270036697387695
1.8180203437805176,30.292587280273438
1.8177850246429443,30.31488800048828
1.8175522089004517,30.336942672729492
1.817322015762329,30.35875129699707
1.8170944452285767,30.38031768798828
1.8168693780899048,30.401643753051758
1.8166468143463135,30.4227294921875
1.8164267539978027,30.443578720092773
1.8162091970443726,30.46419334411621
1.815994143486023,30.484575271606445
1.8157814741134644,30.50472640991211
1.8155711889266968,30.524648666381836
1.8153632879257202,30.544343948364258
1.8151577711105347,30.56381607055664
1.8149546384811401,30.583065032958984
1.814753770828247,30.602092742919922
1.814555287361145,30.620901107788086
1.8143590688705444,30.639493942260742
1.8141651153564453,30.65787124633789
1.8139734268188477,30.676034927368164
1.813783884048462,30.693988800048828
1.8135966062545776,30.711732864379883
1.8134114742279053,30.72926902770996
1.8132286071777344,30.746601104736328
1.8130478858947754,30.763729095458984
1.8128691911697388,30.780656814575195
1.812692642211914,30.79738426208496
1.8125181198120117,30.813913345336914
1.8123457431793213,30.830245971679688
1.8121753931045532,30.846385955810547
1.8120070695877075,30.862333297729492
1.8118407726287842,30.878089904785156
1.8116765022277832,30.893657684326172
1.811514139175415,30.909038543701172
1.8113538026809692,30.92423439025879
1.8111953735351562,30.939247131347656
1.811038851737976,30.954078674316406
1.8108842372894287,30.96872901916504
1.8107315301895142,30.98320198059082
1.8105806112289429,30.997499465942383
1.8104315996170044,31.011621475219727
1.8102843761444092,31.025569915771484
1.8101389408111572,31.039348602294922
1.8099952936172485,31.05295753479004
1.8098533153533936,31.06639862060547
1.8097131252288818,31.079673767089844
1.8095747232437134,31.092782974243164
1.8094381093978882,31.105730056762695
1.8093031644821167,31.11851692199707
1.809169888496399,31.13114356994629
1.8090382814407349,31.143611907958984
1.808908462524414,31.15592384338379
1.8087801933288574,31.168081283569336
1.8086535930633545,31.180086135864258
1.8085285425186157,31.191938400268555
1.8084050416946411,31.203641891479492
1.8082830905914307,31.21519660949707
1.8081626892089844,31.226604461669922
1.8080437183380127,31.23786735534668
1.8079262971878052,31.248985290527344
1.8078104257583618,31.259960174560547
1.807695984840393,31.270795822143555
1.8075830936431885,31.281492233276367
1.8074716329574585,31.292049407958984
1.8073617219924927,31.302471160888672
1.8072532415390015,31.31275749206543
1.8071460723876953,31.32291030883789
1.8070403337478638,31.332931518554688
1.8069360256195068,31.34282112121582
1.806833028793335,31.352582931518555
1.8067313432693481,31.36221694946289
1.8066309690475464,31.371723175048828
1.8065319061279297,31.381105422973633
1.806434154510498,31.390363693237305
1.8063377141952515,31.399499893188477
1.80624258518219,31.40851402282715
1.8061487674713135,31.417409896850586
1.8060561418533325,31.42618751525879
1.805964708328247,31.434846878051758
1.8058745861053467,31.443391799926758
1.8057856559753418,31.45182228088379
1.8056977987289429,31.46013832092285
1.8056111335754395,31.46834373474121
1.8055256605148315,31.476438522338867
1.8054413795471191,31.48442268371582
1.8053582906723022,31.492300033569336
1.8052762746810913,31.500070571899414
1.8051954507827759,31.507734298706055
1.8051156997680664,31.515295028686523
1.805037021636963,31.522750854492188
1.8049594163894653,31.530105590820312
1.8048828840255737,31.5373592376709
1.804807424545288,31.544513702392578
1.8047329187393188,31.55156898498535
1.804659366607666,31.55852699279785
1.8045868873596191,31.56538963317871
1.8045153617858887,31.57215690612793
1.8044449090957642,31.57883071899414
1.8043755292892456,31.585411071777344
1.8043071031570435,31.591899871826172
1.8042396306991577,31.598297119140625
1.8041731119155884,31.604604721069336
1.8041075468063354,31.610824584960938
1.8040428161621094,31.61695671081543
1.8039790391921997,31.623003005981445
1.803916096687317,31.628963470458984
1.803853988647461,31.63484001159668
1.8037927150726318,31.64063262939453
1.8037323951721191,31.646343231201172
1.8036729097366333,31.6519718170166
1.8036143779754639,31.657520294189453
1.8035566806793213,31.66299057006836
1.8034998178482056,31.66838264465332
1.8034437894821167,31.673696517944336
1.8033885955810547,31.67893409729004
1.8033342361450195,31.684097290039062
1.8032805919647217,31.689184188842773
1.8032276630401611,31.694198608398438
1.803175449371338,31.699140548706055
1.803123950958252,31.704010009765625
1.8030732870101929,31.70880889892578
1.803023338317871,31.713537216186523
1.8029741048812866,31.718196868896484
1.8029255867004395,31.722787857055664
1.8028777837753296,31.727312088012695
1.8028308153152466,31.731769561767578
1.8027845621109009,31.736162185668945
1.802738904953003,31.740489959716797
1.8026939630508423,31.744752883911133
1.8026496171951294,31.748952865600586
1.8026059865951538,31.753089904785156
1.802562952041626,31.757165908813477
1.802520513534546,31.761180877685547
1.8024787902832031,31.76513671875
1.802437663078308,31.769033432006836
1.8023971319198608,31.772871017456055
1.8023571968078613,31.77665138244629
1.8023178577423096,31.78037452697754
1.8022791147232056,31.784042358398438
1.8022410869598389,31.787654876708984
1.80220365524292,31.79121208190918
1.8021667003631592,31.794715881347656
1.8021303415298462,31.798166275024414
1.8020944595336914,31.801563262939453
1.8020591735839844,31.804908752441406
1.8020243644714355,31.808202743530273
1.801990032196045,31.811447143554688
1.801956295967102,31.81464195251465
1.8019230365753174,31.817787170410156
1.801890254020691,31.820884704589844
1.8018580675125122,31.82393455505371
1.8018263578414917,31.826936721801758
1.801795244216919,31.829893112182617
1.8017646074295044,31.83280372619629
1.801734447479248,31.835668563842773
1.80170476436615,31.83848762512207
1.8016754388809204,31.841262817382812
1.8016465902328491,31.843996047973633
1.801618218421936,31.8466854095459
1.8015902042388916,31.849332809448242
1.8015626668930054,31.851938247680664
1.8015354871749878,31.854503631591797
1.8015087842941284,31.85702896118164
1.8014825582504272,31.859514236450195
1.8014568090438843,31.86195945739746
1.8014315366744995,31.86436653137207
